{"0":{"roomArea":"roomArea1","timestamp":1593648000000,"humidity_mean":92.2552010302,"humidity_min":87.1135114492,"humidity_max":96.7640612523,"humidity_median":92.0715017759,"temperature_mean":20.975726346,"temperature_min":17.1749489514,"temperature_max":26.6737043854,"temperature_median":20.8534597261},"1":{"roomArea":"roomArea1","timestamp":1593734400000,"humidity_mean":91.7996540623,"humidity_min":87.4860244733,"humidity_max":96.7368132585,"humidity_median":92.1737404052,"temperature_mean":21.688644721,"temperature_min":17.005340237,"temperature_max":26.769534267,"temperature_median":21.4375773039},"2":{"roomArea":"roomArea1","timestamp":1593820800000,"humidity_mean":91.2891567165,"humidity_min":87.1752408199,"humidity_max":96.9198212076,"humidity_median":90.9599303287,"temperature_mean":21.827394042,"temperature_min":17.0600484306,"temperature_max":26.9072011119,"temperature_median":21.6263579309},"3":{"roomArea":"roomArea1","timestamp":1593907200000,"humidity_mean":91.7521731093,"humidity_min":87.3803098167,"humidity_max":96.9097044401,"humidity_median":91.8621726445,"temperature_mean":22.0542181671,"temperature_min":17.0511646725,"temperature_max":26.8939660593,"temperature_median":21.7439756739},"4":{"roomArea":"roomArea1","timestamp":1593993600000,"humidity_mean":92.3629631251,"humidity_min":87.3843776415,"humidity_max":96.9995429785,"humidity_median":92.4464740973,"temperature_mean":22.1344176007,"temperature_min":17.1153790218,"temperature_max":26.6936667705,"temperature_median":22.1957803018},"5":{"roomArea":"roomArea1","timestamp":1594080000000,"humidity_mean":92.2030281576,"humidity_min":87.2334097276,"humidity_max":96.8591038847,"humidity_median":92.4552954451,"temperature_mean":21.3269259447,"temperature_min":17.2185848324,"temperature_max":26.9661500008,"temperature_median":20.8751756017},"6":{"roomArea":"roomArea1","timestamp":1594166400000,"humidity_mean":92.367943207,"humidity_min":87.3385901321,"humidity_max":96.5424383985,"humidity_median":92.5884608315,"temperature_mean":21.8949503579,"temperature_min":17.4348264046,"temperature_max":26.9122321801,"temperature_median":21.4765744045},"7":{"roomArea":"roomArea1","timestamp":1594252800000,"humidity_mean":92.3840845331,"humidity_min":87.3637977077,"humidity_max":96.7557617142,"humidity_median":92.4728463294,"temperature_mean":22.4473412364,"temperature_min":17.3282600612,"temperature_max":26.9803596714,"temperature_median":23.619499204},"8":{"roomArea":"roomArea1","timestamp":1594339200000,"humidity_mean":92.3935864043,"humidity_min":87.128247386,"humidity_max":96.9418170164,"humidity_median":92.940806175,"temperature_mean":21.5273576282,"temperature_min":17.1166076681,"temperature_max":26.9435622744,"temperature_median":21.0124362176},"9":{"roomArea":"roomArea1","timestamp":1594425600000,"humidity_mean":91.9408606349,"humidity_min":87.1332556178,"humidity_max":96.7967826019,"humidity_median":91.889241389,"temperature_mean":22.2821618886,"temperature_min":17.131516143,"temperature_max":26.8121077481,"temperature_median":22.0919638893},"10":{"roomArea":"roomArea1","timestamp":1594512000000,"humidity_mean":91.9806103647,"humidity_min":87.0329322417,"humidity_max":95.953356367,"humidity_median":91.9643318936,"temperature_mean":22.995578687,"temperature_min":17.3547964164,"temperature_max":26.7776062049,"temperature_median":23.6820220434},"11":{"roomArea":"roomArea2","timestamp":1593648000000,"humidity_mean":91.9701064216,"humidity_min":87.4252670204,"humidity_max":96.9496860158,"humidity_median":91.8886300109,"temperature_mean":21.6936971106,"temperature_min":17.2570165211,"temperature_max":26.7297413854,"temperature_median":21.2843624539},"12":{"roomArea":"roomArea2","timestamp":1593734400000,"humidity_mean":92.6835020606,"humidity_min":87.0079603712,"humidity_max":96.7361518725,"humidity_median":93.104770659,"temperature_mean":21.4464518252,"temperature_min":17.1089714148,"temperature_max":26.3786755386,"temperature_median":21.1930566522},"13":{"roomArea":"roomArea2","timestamp":1593820800000,"humidity_mean":91.779957311,"humidity_min":87.0396481087,"humidity_max":96.6095888631,"humidity_median":91.9756203005,"temperature_mean":21.9619806221,"temperature_min":17.1336613467,"temperature_max":26.6145638705,"temperature_median":21.2301752367},"14":{"roomArea":"roomArea2","timestamp":1593907200000,"humidity_mean":91.9859217224,"humidity_min":87.2238541724,"humidity_max":96.5797297702,"humidity_median":92.0447450182,"temperature_mean":21.5484217467,"temperature_min":17.2718881015,"temperature_max":26.6522192422,"temperature_median":21.4992091225},"15":{"roomArea":"roomArea2","timestamp":1593993600000,"humidity_mean":91.5410096874,"humidity_min":87.1530706449,"humidity_max":96.9466362244,"humidity_median":90.8817093337,"temperature_mean":22.902400981,"temperature_min":17.1285933045,"temperature_max":26.8241738328,"temperature_median":23.0883822067},"16":{"roomArea":"roomArea2","timestamp":1594080000000,"humidity_mean":92.0585053417,"humidity_min":87.2989537855,"humidity_max":96.7876661136,"humidity_median":91.9117594505,"temperature_mean":21.9362410385,"temperature_min":17.2124463498,"temperature_max":26.7597666701,"temperature_median":22.2486599959},"17":{"roomArea":"roomArea2","timestamp":1594166400000,"humidity_mean":92.0758794216,"humidity_min":87.242140278,"humidity_max":96.692818816,"humidity_median":91.7971437611,"temperature_mean":22.0682241828,"temperature_min":17.0852485337,"temperature_max":26.7924679461,"temperature_median":22.5668045916},"18":{"roomArea":"roomArea2","timestamp":1594252800000,"humidity_mean":91.790201687,"humidity_min":87.0421870107,"humidity_max":96.7543551203,"humidity_median":91.5642161429,"temperature_mean":22.5102511249,"temperature_min":17.0558077707,"temperature_max":26.9992873731,"temperature_median":22.6084107292},"19":{"roomArea":"roomArea2","timestamp":1594339200000,"humidity_mean":91.8951162886,"humidity_min":87.0323229372,"humidity_max":96.9370156706,"humidity_median":91.7868582381,"temperature_mean":21.8028953893,"temperature_min":17.0339496693,"temperature_max":26.9487419674,"temperature_median":22.0933836958},"20":{"roomArea":"roomArea2","timestamp":1594425600000,"humidity_mean":92.352712431,"humidity_min":87.0959275567,"humidity_max":96.4789932289,"humidity_median":92.4111634329,"temperature_mean":22.847853812,"temperature_min":17.4173605667,"temperature_max":26.9417926828,"temperature_median":22.8268014099},"21":{"roomArea":"roomArea2","timestamp":1594512000000,"humidity_mean":90.5612310252,"humidity_min":87.9027971457,"humidity_max":96.6966496834,"humidity_median":89.8126293375,"temperature_mean":20.6327940313,"temperature_min":17.5154409985,"temperature_max":25.7644044509,"temperature_median":19.7198491523},"22":{"roomArea":"roomArea3","timestamp":1593648000000,"humidity_mean":92.2202895131,"humidity_min":87.2530826296,"humidity_max":96.7969793246,"humidity_median":91.9979362485,"temperature_mean":21.9816838648,"temperature_min":17.126252863,"temperature_max":25.9333173136,"temperature_median":22.1969233443},"23":{"roomArea":"roomArea3","timestamp":1593734400000,"humidity_mean":91.2684266972,"humidity_min":87.1053489688,"humidity_max":96.9201645116,"humidity_median":91.0595642146,"temperature_mean":21.5993016539,"temperature_min":17.2099845622,"temperature_max":26.7862830699,"temperature_median":21.5226060522},"24":{"roomArea":"roomArea3","timestamp":1593820800000,"humidity_mean":92.0764324011,"humidity_min":87.5699599657,"humidity_max":96.8858032497,"humidity_median":91.8962711685,"temperature_mean":21.8984031447,"temperature_min":17.2194021775,"temperature_max":26.8427865188,"temperature_median":22.0202487568},"25":{"roomArea":"roomArea3","timestamp":1593907200000,"humidity_mean":91.6033561672,"humidity_min":87.2664701788,"humidity_max":96.7077552245,"humidity_median":91.1478004241,"temperature_mean":21.7186362033,"temperature_min":17.1410402644,"temperature_max":26.9790580666,"temperature_median":21.2920969993},