{"0":{"timestamp":1655323806,"humidity":93.4205302227,"temperature":18.9330009446,"roomArea":"roomArea1"},"1":{"timestamp":1655323808,"humidity":94.914089388,"temperature":26.2320468644,"roomArea":"roomArea1"},"2":{"timestamp":1655323810,"humidity":91.8345890189,"temperature":19.2096826017,"roomArea":"roomArea1"},"3":{"timestamp":1655323812,"humidity":90.8129030362,"temperature":22.791613701,"roomArea":"roomArea1"},"4":{"timestamp":1655323814,"humidity":94.321793729,"temperature":19.4991026357,"roomArea":"roomArea1"},"5":{"timestamp":1655323816,"humidity":93.9518028359,"temperature":19.9808422377,"roomArea":"roomArea1"},"6":{"timestamp":1655323818,"humidity":89.6232689363,"temperature":26.3073889624,"roomArea":"roomArea1"},"7":{"timestamp":1655323820,"humidity":94.5125759993,"temperature":24.3556221838,"roomArea":"roomArea1"},"8":{"timestamp":1655323822,"humidity":93.3865736329,"temperature":17.7858023076,"roomArea":"roomArea1"},"9":{"timestamp":1655323824,"humidity":90.9802902136,"temperature":26.4583367149,"roomArea":"roomArea1"},"10":{"timestamp":1655323826,"humidity":93.3610359701,"temperature":21.8170787249,"roomArea":"roomArea1"},"11":{"timestamp":1655323828,"humidity":90.7944644221,"temperature":21.091714747,"roomArea":"roomArea1"},"12":{"timestamp":1655323830,"humidity":91.8559117417,"temperature":23.1510166055,"roomArea":"roomArea1"},"13":{"timestamp":1655323832,"humidity":95.5723927137,"temperature":25.1269153433,"roomArea":"roomArea1"},"14":{"timestamp":1655323834,"humidity":90.9926463819,"temperature":25.6877796505,"roomArea":"roomArea1"},"15":{"timestamp":1655323836,"humidity":90.9471110958,"temperature":18.4587869157,"roomArea":"roomArea1"},"16":{"timestamp":1655323838,"humidity":93.9493635961,"temperature":20.1103926688,"roomArea":"roomArea1"},"17":{"timestamp":1655323840,"humidity":93.1768783126,"temperature":22.3450041329,"roomArea":"roomArea1"},"18":{"timestamp":1655323842,"humidity":89.1153386881,"temperature":20.9054446638,"roomArea":"roomArea1"},"19":{"timestamp":1655323844,"humidity":88.8625867202,"temperature":26.5108456764,"roomArea":"roomArea1"},"20":{"timestamp":1655323846,"humidity":94.5317878239,"temperature":24.0252399058,"roomArea":"roomArea1"},"21":{"timestamp":1655323848,"humidity":87.9089068192,"temperature":25.8171650303,"roomArea":"roomArea1"},"22":{"timestamp":1655323850,"humidity":93.5905170359,"temperature":19.9536441108,"roomArea":"roomArea1"},"23":{"timestamp":1655323852,"humidity":88.4939084947,"temperature":17.4064255702,"roomArea":"roomArea1"},"24":{"timestamp":1655323854,"humidity":90.8272332703,"temperature":20.2892495799,"roomArea":"roomArea1"},"25":{"timestamp":1655323856,"humidity":95.4861523661,"temperature":22.4300036478,"roomArea":"roomArea1"},"26":{"timestamp":1655323858,"humidity":95.0381297259,"temperature":23.7261454807,"roomArea":"roomArea1"},"27":{"timestamp":1655323860,"humidity":91.0005751772,"temperature":23.5113077899,"roomArea":"roomArea1"},"28":{"timestamp":1655323862,"humidity":89.5943235714,"temperature":22.2635157542,"roomArea":"roomArea1"},"29":{"timestamp":1655323864,"humidity":94.35027695,"temperature":17.794401772,"roomArea":"roomArea1"},"30":{"timestamp":1655323866,"humidity":94.050208532,"temperature":26.1494361043,"roomArea":"roomArea1"},"31":{"timestamp":1655323868,"humidity":95.4488173373,"temperature":22.365834942,"roomArea":"roomArea1"},"32":{"timestamp":1655323870,"humidity":92.4624995049,"temperature":23.5977666248,"roomArea":"roomArea1"},"33":{"timestamp":1655323872,"humidity":94.5536767842,"temperature":17.255069541,"roomArea":"roomArea1"},"34":{"timestamp":1655323874,"humidity":89.919460441,"temperature":26.7927030973,"roomArea":"roomArea1"},"35":{"timestamp":1655323876,"humidity":93.7172305408,"temperature":26.1340552494,"roomArea":"roomArea1"},"36":{"timestamp":1655323878,"humidity":90.4507099723,"temperature":18.8339101063,"roomArea":"roomArea1"},"37":{"timestamp":1655323880,"humidity":88.8443795,"temperature":17.5638433768,"roomArea":"roomArea1"},"38":{"timestamp":1655323882,"humidity":91.4994516415,"temperature":23.2596586386,"roomArea":"roomArea1"},"39":{"timestamp":1655323884,"humidity":93.1356642881,"temperature":22.0138298377,"roomArea":"roomArea1"},"40":{"timestamp":1655323886,"humidity":94.0301661458,"temperature":18.1254538665,"roomArea":"roomArea1"},"41":{"timestamp":1655323888,"humidity":96.3038472385,"temperature":19.8399093653,"roomArea":"roomArea1"},"42":{"timestamp":1655323890,"humidity":90.3014358068,"temperature":24.9804321871,"roomArea":"roomArea1"},"43":{"timestamp":1655323892,"humidity":96.8342087655,"temperature":24.251486029,"roomArea":"roomArea1"},"44":{"timestamp":1655323894,"humidity":89.6883616155,"temperature":19.7334150067,"roomArea":"roomArea1"},"45":{"timestamp":1655323896,"humidity":89.3334863256,"temperature":20.4689052971,"roomArea":"roomArea1"},"46":{"timestamp":1655323898,"humidity":88.0277980185,"temperature":26.0916568385,"roomArea":"roomArea1"},"47":{"timestamp":1655323900,"humidity":88.1113741634,"temperature":20.9959038345,"roomArea":"roomArea1"},"48":{"timestamp":1655323902,"humidity":90.9935889196,"temperature":19.4763635778,"roomArea":"roomArea1"},"49":{"timestamp":1655323904,"humidity":90.4929960701,"temperature":17.5329116669,"roomArea":"roomArea1"},"50":{"timestamp":1655323906,"humidity":90.4910903001,"temperature":19.1485695773,"roomArea":"roomArea1"},"51":{"timestamp":1655323908,"humidity":93.0393392359,"temperature":19.0657039632,"roomArea":"roomArea1"},"52":{"timestamp":1655323910,"humidity":94.9362119904,"temperature":24.7779590054,"roomArea":"roomArea1"},"53":{"timestamp":1655323912,"humidity":92.2412987906,"temperature":20.9920631416,"roomArea":"roomArea1"},"54":{"timestamp":1655323914,"humidity":89.6491883401,"temperature":21.1491472515,"roomArea":"roomArea1"},"55":{"timestamp":1655323916,"humidity":89.3836687967,"temperature":21.2315960915,"roomArea":"roomArea1"},"56":{"timestamp":1655323918,"humidity":95.5739830615,"temperature":21.541664584,"roomArea":"roomArea1"},"57":{"timestamp":1655323920,"humidity":88.3077628582,"temperature":21.5819140608,"roomArea":"roomArea1"},"58":{"timestamp":1655323922,"humidity":96.200578288,"temperature":22.0377150347,"roomArea":"roomArea1"},"59":{"timestamp":1655323924,"humidity":91.2418389621,"temperature":24.0496544712,"roomArea":"roomArea1"},"60":{"timestamp":1655323926,"humidity":91.6899513936,"temperature":21.680858651,"roomArea":"roomArea1"},"61":{"timestamp":1655323928,"humidity":88.7515675203,"temperature":22.0590371353,"roomArea":"roomArea1"},"62":{"timestamp":1655323930,"humidity":95.6664494979,"temperature":26.8576001606,"roomArea":"roomArea1"},"63":{"timestamp":1655323932,"humidity":89.2316529039,"temperature":20.763306338,"roomArea":"roomArea1"},"64":{"timestamp":1655323934,"humidity":95.8870471293,"temperature":18.1518109773,"roomArea":"roomArea1"},"65":{"timestamp":1655323936,"humidity":94.7476178453,"temperature":24.0260516897,"roomArea":"roomArea1"},"66":{"timestamp":1655323938,"humidity":92.9274461723,"temperature":17.1686648445,"roomArea":"roomArea1"},"67":{"timestamp":1655323940,"humidity":89.7550405163,"temperature":25.0810389582,"roomArea":"roomArea1"},"68":{"timestamp":1655323942,"humidity":88.052065381,"temperature":22.9760298082,"roomArea":"roomArea1"},"69":{"timestamp":1655323944,"humidity":96.2968747223,"temperature":19.9023737503,"roomArea":"roomArea1"},"70":{"timestamp":1655323946,"humidity":88.1284819094,"temperature":22.6764366606,"roomArea":"roomArea1"},"71":{"timestamp":1655323948,"humidity":94.2628529275,"temperature":19.8211960662,"roomArea":"roomArea1"},"72":{"timestamp":1655323950,"humidity":90.0579846623,"temperature":26.8260132421,"roomArea":"roomArea1"},"73":{"timestamp":1655323952,"humidity":89.7695503346,"temperature":17.2819649411,"roomArea":"roomArea1"},"74":{"timestamp":1655323954,"humidity":94.6314156502,"temperature":21.0574675068,"roomArea":"roomArea1"},"75":{"timestamp":1655323956,"humidity":89.3543495003,